<?xml version="1.0" encoding="UTF-8" standalone="no"?><element classId="clip" ver="1"><property name="sequenceList"><element classId="sequence" ver="1"><property name="duration"><element classId="Long" ver="1"><property name="value"><value>0</value></property></element></property><property name="initialConfig"><element classId="TwisterConfig" ver="1"><property name="background"><element classId="Color" ver="1"><property name="value"><value>0</value></property></element></property><property name="frame"><element classId="Frame" ver="1"><property name="filterList"/><property name="layerList"><element classId="GroupLayer" ver="1"><property name="locked"><element classId="Boolean" ver="1"><property name="value"><value>false</value></property></element></property><property name="visible"><element classId="Boolean" ver="1"><property name="value"><value>true</value></property></element></property><property name="opacity"><element classId="Percentage" ver="1"><property name="value"><value>100</value></property></element></property><property name="filterList"/><property name="layerList"><element classId="ImageLayer" ver="1"><property name="locked"><element classId="Boolean" ver="1"><property name="value"><value>false</value></property></element></property><property name="visible"><element classId="Boolean" ver="1"><property name="value"><value>true</value></property></element></property><property name="opacity"><element classId="Percentage" ver="1"><property name="value"><value>100</value></property></element></property><property name="filterList"/><property name="image"><element classId="Image" ver="1"><property name="extension"><element classId="ConfigurableExtensionReferenceElement" extensionId="twister.frame.layer.image.mandelbrot" ver="1"><property name="extensionConfig"><element classId="MandelbrotImageConfig" ver="1"><property name="mandelbrotConfig"><element classId="MandelbrotConfig" ver="3"><property name="mandelbrotFractal"><element classId="MandelbrotFractal" ver="2"><property name="renderingFormula"><element classId="RenderingFormula" ver="1"><property name="extension"><element classId="ConfigurableExtensionReferenceElement" extensionId="twister.mandelbrot.fractal.rendering.formula.z2" ver="1"><property name="extensionConfig"><element classId="Z2Config" ver="1"><property name="iterations"><element classId="Iterations" ver="1"><property name="value"><value>200</value></property></element></property><property name="threshold"><element classId="Threshold" ver="1"><property name="value"><value>40.0</value></property></element></property><property name="center"><element classId="Complex" ver="1"><property name="value"><value>0.0, 0.0</value></property></element></property><property name="scale"><element classId="Complex" ver="1"><property name="value"><value>5.0, 5.0</value></property></element></property></element></property></element></property></element></property><property name="transformingFormula"><element classId="TransformingFormula" ver="1"><property name="extension"><element classId="ConfigurableExtensionReferenceElement" extensionId="twister.mandelbrot.fractal.transforming.formula.z" ver="1"><property name="extensionConfig"><element classId="ZConfig" ver="1"/></property></element></property></element></property><property name="incolouringFormulaList"><element classId="IncolouringFormula" ver="1"><property name="extension"><element classId="ConfigurableExtensionReferenceElement" extensionId="twister.mandelbrot.fractal.incolouring.formula.color" ver="1"><property name="extensionConfig"><element classId="ColorConfig" ver="1"><property name="color"><element classId="Color" ver="1"><property name="value"><value>ff000000</value></property></element></property></element></property></element></property><property name="locked"><element classId="Boolean" ver="1"><property name="value"><value>false</value></property></element></property><property name="enabled"><element classId="Boolean" ver="1"><property name="value"><value>true</value></property></element></property><property name="opacity"><element classId="Percentage" ver="1"><property name="value"><value>100</value></property></element></property><property name="iterations"><element classId="Iterations" ver="1"><property name="value"><value>200</value></property></element></property><property name="autoIterations"><element classId="Boolean" ver="1"><property name="value"><value>true</value></property></element></property><property name="label"><element classId="String" ver="1"><property name="value"><value>New Incolouring Formula</value></property></element></property></element></property><property name="outcolouringFormulaList"><element classId="OutcolouringFormula" ver="1"><property name="extension"><element classId="ConfigurableExtensionReferenceElement" extensionId="twister.mandelbrot.fractal.outcolouring.formula.color" ver="1"><property name="extensionConfig"><element classId="ColorConfig" ver="1"><property name="color"><element classId="Color" ver="1"><property name="value"><value>ffffff</value></property></element></property></element></property></element></property><property name="locked"><element classId="Boolean" ver="1"><property name="value"><value>false</value></property></element></property><property name="enabled"><element classId="Boolean" ver="1"><property name="value"><value>true</value></property></element></property><property name="opacity"><element classId="Percentage" ver="1"><property name="value"><value>100</value></property></element></property><property name="iterations"><element classId="Iterations" ver="1"><property name="value"><value>400</value></property></element></property><property name="autoIterations"><element classId="Boolean" ver="1"><property name="value"><value>false</value></property></element></property><property name="label"><element classId="String" ver="1"><property name="value"><value>New Outcolouring Formula</value></property></element></property></element></property><property name="processingFormula"><element classId="ProcessingFormula" ver="1"><property name="extension"><element classId="ExtensionReferenceElement" ver="1"/></property></element></property><property name="orbitTrap"><element classId="OrbitTrap" ver="1"><property name="extension"><element classId="ConfigurableExtensionReferenceElement" ver="1"/></property><property name="center"><element classId="Complex" ver="1"><property name="value"><value>0.0, 0.0</value></property></element></property></element></property></element></property><property name="constant"><element classId="Complex" ver="1"><property name="value"><value>0.0, 0.0</value></property></element></property><property name="view"><element classId="View" ver="1"><property name="value"><value>0, 0, 1, 0; -0.4379177244744969, 0.03191032514687303, 0.644608916217797, 0.0; 0.0, 0.0, 0.0, 0.0</value></property></element></property><property name="mode"><element classId="Integer" ver="1"><property name="value"><value>0</value></property></element></property><property name="previewArea"><element classId="Rectangle" ver="1"><property name="value"><value>0.73, 0.03, 0.25, 0.25</value></property></element></property><property name="showPreview"><element classId="Boolean" ver="1"><property name="value"><value>false</value></property></element></property><property name="showOrbit"><element classId="Boolean" ver="1"><property name="value"><value>false</value></property></element></property><property name="showOrbitTrap"><element classId="Boolean" ver="1"><property name="value"><value>false</value></property></element></property><property name="speed"><element classId="Speed" ver="1"><property name="value"><value>0.0, 0.0, 50.0, 1.0; 0.0, 0.0, 50.0, 0.0</value></property></element></property></element></property></element></property></element></property></element></property><property name="label"><element classId="String" ver="1"><property name="value"><value>New Layer</value></property></element></property></element></property><property name="label"><element classId="String" ver="1"><property name="value"><value>New Group</value></property></element></property></element></property></element></property><property name="effect"><element classId="Effect" ver="1"><property name="extension"><element classId="ConfigurableExtensionReferenceElement" ver="1"/></property><property name="enabled"><element classId="Boolean" ver="1"><property name="value"><value>true</value></property></element></property><property name="locked"><element classId="Boolean" ver="1"><property name="value"><value>false</value></property></element></property></element></property></element></property><property name="finalConfig"><element classId="TwisterConfig" ver="1"><property name="background"><element classId="Color" ver="1"><property name="value"><value>0</value></property></element></property><property name="frame"><element classId="Frame" ver="1"><property name="filterList"/><property name="layerList"><element classId="GroupLayer" ver="1"><property name="locked"><element classId="Boolean" ver="1"><property name="value"><value>false</value></property></element></property><property name="visible"><element classId="Boolean" ver="1"><property name="value"><value>true</value></property></element></property><property name="opacity"><element classId="Percentage" ver="1"><property name="value"><value>100</value></property></element></property><property name="filterList"/><property name="layerList"><element classId="ImageLayer" ver="1"><property name="locked"><element classId="Boolean" ver="1"><property name="value"><value>false</value></property></element></property><property name="visible"><element classId="Boolean" ver="1"><property name="value"><value>true</value></property></element></property><property name="opacity"><element classId="Percentage" ver="1"><property name="value"><value>100</value></property></element></property><property name="filterList"/><property name="image"><element classId="Image" ver="1"><property name="extension"><element classId="ConfigurableExtensionReferenceElement" extensionId="twister.frame.layer.image.mandelbrot" ver="1"><property name="extensionConfig"><element classId="MandelbrotImageConfig" ver="1"><property name="mandelbrotConfig"><element classId="MandelbrotConfig" ver="3"><property name="mandelbrotFractal"><element classId="MandelbrotFractal" ver="2"><property name="renderingFormula"><element classId="RenderingFormula" ver="1"><property name="extension"><element classId="ConfigurableExtensionReferenceElement" extensionId="twister.mandelbrot.fractal.rendering.formula.z2" ver="1"><property name="extensionConfig"><element classId="Z2Config" ver="1"><property name="iterations"><element classId="Iterations" ver="1"><property name="value"><value>200</value></property></element></property><property name="threshold"><element classId="Threshold" ver="1"><property name="value"><value>40.0</value></property></element></property><property name="center"><element classId="Complex" ver="1"><property name="value"><value>0.0, 0.0</value></property></element></property><property name="scale"><element classId="Complex" ver="1"><property name="value"><value>5.0, 5.0</value></property></element></property></element></property></element></property></element></property><property name="transformingFormula"><element classId="TransformingFormula" ver="1"><property name="extension"><element classId="ConfigurableExtensionReferenceElement" extensionId="twister.mandelbrot.fractal.transforming.formula.z" ver="1"><property name="extensionConfig"><element classId="ZConfig" ver="1"/></property></element></property></element></property><property name="incolouringFormulaList"><element classId="IncolouringFormula" ver="1"><property name="extension"><element classId="ConfigurableExtensionReferenceElement" extensionId="twister.mandelbrot.fractal.incolouring.formula.color" ver="1"><property name="extensionConfig"><element classId="ColorConfig" ver="1"><property name="color"><element classId="Color" ver="1"><property name="value"><value>ff000000</value></property></element></property></element></property></element></property><property name="locked"><element classId="Boolean" ver="1"><property name="value"><value>false</value></property></element></property><property name="enabled"><element classId="Boolean" ver="1"><property name="value"><value>true</value></property></element></property><property name="opacity"><element classId="Percentage" ver="1"><property name="value"><value>100</value></property></element></property><property name="iterations"><element classId="Iterations" ver="1"><property name="value"><value>200</value></property></element></property><property name="autoIterations"><element classId="Boolean" ver="1"><property name="value"><value>true</value></property></element></property><property name="label"><element classId="String" ver="1"><property name="value"><value>New Incolouring Formula</value></property></element></property></element></property><property name="outcolouringFormulaList"><element classId="OutcolouringFormula" ver="1"><property name="extension"><element classId="ConfigurableExtensionReferenceElement" extensionId="twister.mandelbrot.fractal.outcolouring.formula.color" ver="1"><property name="extensionConfig"><element classId="ColorConfig" ver="1"><property name="color"><element classId="Color" ver="1"><property name="value"><value>ffffff</value></property></element></property></element></property></element></property><property name="locked"><element classId="Boolean" ver="1"><property name="value"><value>false</value></property></element></property><property name="enabled"><element classId="Boolean" ver="1"><property name="value"><value>true</value></property></element></property><property name="opacity"><element classId="Percentage" ver="1"><property name="value"><value>100</value></property></element></property><property name="iterations"><element classId="Iterations" ver="1"><property name="value"><value>400</value></property></element></property><property name="autoIterations"><element classId="Boolean" ver="1"><property name="value"><value>false</value></property></element></property><property name="label"><element classId="String" ver="1"><property name="value"><value>New Outcolouring Formula</value></property></element></property></element></property><property name="processingFormula"><element classId="ProcessingFormula" ver="1"><property name="extension"><element classId="ExtensionReferenceElement" ver="1"/></property></element></property><property name="orbitTrap"><element classId="OrbitTrap" ver="1"><property name="extension"><element classId="ConfigurableExtensionReferenceElement" ver="1"/></property><property name="center"><element classId="Complex" ver="1"><property name="value"><value>0.0, 0.0</value></property></element></property></element></property></element></property><property name="constant"><element classId="Complex" ver="1"><property name="value"><value>0.0, 0.0</value></property></element></property><property name="view"><element classId="View" ver="1"><property name="value"><value>0, 0, 1, 0; -0.4379177244744969, 0.03191032514687303, 0.644608916217797, 0.0; 0.0, 0.0, 0.0, 0.0</value></property></element></property><property name="mode"><element classId="Integer" ver="1"><property name="value"><value>0</value></property></element></property><property name="previewArea"><element classId="Rectangle" ver="1"><property name="value"><value>0.73, 0.03, 0.25, 0.25</value></property></element></property><property name="showPreview"><element classId="Boolean" ver="1"><property name="value"><value>false</value></property></element></property><property name="showOrbit"><element classId="Boolean" ver="1"><property name="value"><value>false</value></property></element></property><property name="showOrbitTrap"><element classId="Boolean" ver="1"><property name="value"><value>false</value></property></element></property><property name="speed"><element classId="Speed" ver="1"><property name="value"><value>0.0, 0.0, 50.0, 1.0; 0.0, 0.0, 50.0, 0.0</value></property></element></property></element></property></element></property></element></property></element></property><property name="label"><element classId="String" ver="1"><property name="value"><value>New Layer</value></property></element></property></element></property><property name="label"><element classId="String" ver="1"><property name="value"><value>New Group</value></property></element></property></element></property></element></property><property name="effect"><element classId="Effect" ver="1"><property name="extension"><element classId="ConfigurableExtensionReferenceElement" ver="1"/></property><property name="enabled"><element classId="Boolean" ver="1"><property name="value"><value>true</value></property></element></property><property name="locked"><element classId="Boolean" ver="1"><property name="value"><value>false</value></property></element></property></element></property></element></property><property name="actionList"/></element></property></element>