<?xml version="1.0" encoding="UTF-8"?><element classId="clip" ver="1"><property name="sequenceList"><element classId="sequence" ver="1"><property name="duration"><element classId="Long" ver="1"><property name="value"><value>0</value></property></element></property><property name="initialConfig"><element classId="TwisterConfig" ver="1"><property name="background"><element classId="Color" ver="1"><property name="value"><value>ff000000</value></property></element></property><property name="frame"><element classId="Frame" ver="1"><property name="filterList"/><property name="layerList"><element classId="GroupLayer" ver="1"><property name="locked"><element classId="Boolean" ver="1"><property name="value"><value>false</value></property></element></property><property name="visible"><element classId="Boolean" ver="1"><property name="value"><value>true</value></property></element></property><property name="opacity"><element classId="Percentage" ver="1"><property name="value"><value>100</value></property></element></property><property name="filterList"/><property name="layerList"><element classId="ImageLayer" ver="1"><property name="locked"><element classId="Boolean" ver="1"><property name="value"><value>false</value></property></element></property><property name="visible"><element classId="Boolean" ver="1"><property name="value"><value>true</value></property></element></property><property name="opacity"><element classId="Percentage" ver="1"><property name="value"><value>100</value></property></element></property><property name="filterList"/><property name="image"><element classId="Image" ver="1"><property name="extension"><element classId="ConfigurableExtensionReferenceElement" extensionId="twister.frame.layer.image.mandelbrot" ver="1"><property name="extensionConfig"><element classId="MandelbrotImageConfig" ver="1"><property name="mandelbrotConfig"><element classId="MandelbrotConfig" ver="3"><property name="mandelbrotFractal"><element classId="MandelbrotFractal" ver="2"><property name="renderingFormula"><element classId="RenderingFormula" ver="1"><property name="extension"><element classId="ConfigurableExtensionReferenceElement" extensionId="twister.mandelbrot.fractal.rendering.formula.z2" ver="1"><property name="extensionConfig"><element classId="Z2Config" ver="1"><property name="iterations"><element classId="Iterations" ver="1"><property name="value"><value>200</value></property></element></property><property name="threshold"><element classId="Threshold" ver="1"><property name="value"><value>40.0</value></property></element></property><property name="center"><element classId="Complex" ver="1"><property name="value"><value>0.0, 0.0</value></property></element></property><property name="scale"><element classId="Complex" ver="1"><property name="value"><value>5.0, 5.0</value></property></element></property></element></property></element></property></element></property><property name="transformingFormula"><element classId="TransformingFormula" ver="1"><property name="extension"><element classId="ConfigurableExtensionReferenceElement" extensionId="twister.mandelbrot.fractal.transforming.formula.z" ver="1"><property name="extensionConfig"><element classId="ZConfig" ver="1"/></property></element></property></element></property><property name="incolouringFormulaList"><element classId="IncolouringFormula" ver="1"><property name="extension"><element classId="ConfigurableExtensionReferenceElement" extensionId="twister.mandelbrot.fractal.incolouring.formula.color" ver="1"><property name="extensionConfig"><element classId="ColorConfig" ver="1"><property name="color"><element classId="Color" ver="1"><property name="value"><value>ff000000</value></property></element></property></element></property></element></property><property name="locked"><element classId="Boolean" ver="1"><property name="value"><value>false</value></property></element></property><property name="enabled"><element classId="Boolean" ver="1"><property name="value"><value>true</value></property></element></property><property name="opacity"><element classId="Percentage" ver="1"><property name="value"><value>100</value></property></element></property><property name="iterations"><element classId="Iterations" ver="1"><property name="value"><value>200</value></property></element></property><property name="autoIterations"><element classId="Boolean" ver="1"><property name="value"><value>true</value></property></element></property><property name="label"><element classId="Label" ver="1"><property name="value"><value>New Incolouring Formula</value></property></element></property></element></property><property name="outcolouringFormulaList"><element classId="OutcolouringFormula" ver="1"><property name="extension"><element classId="ConfigurableExtensionReferenceElement" extensionId="twister.mandelbrot.fractal.outcolouring.formula.continuousPotential" ver="1"><property name="extensionConfig"><element classId="ContinuousPotentialConfig" ver="1"><property name="paletteRenderer"><element classId="PaletteRenderer" ver="1"><property name="extension"><element classId="ConfigurableExtensionReferenceElement" extensionId="twister.mandelbrot.palette.renderer.default" ver="1"><property name="extensionConfig"><element classId="DefaultRendererConfig" ver="1"><property name="renderedPalette"><element classId="RenderedPalette" ver="1"><property name="palette"><property name="paletteParam"><property name="formulas"><element classId="PaletteRendererFormula" ver="1"><property name="extension"><element classId="ExtensionReferenceElement" extensionId="twister.mandelbrot.palette.renderer.formula.lin" ver="1"/></property></element><element classId="PaletteRendererFormula" ver="1"><property name="extension"><element classId="ExtensionReferenceElement" extensionId="twister.mandelbrot.palette.renderer.formula.lin" ver="1"/></property></element><element classId="PaletteRendererFormula" ver="1"><property name="extension"><element classId="ExtensionReferenceElement" extensionId="twister.mandelbrot.palette.renderer.formula.lin" ver="1"/></property></element><element classId="PaletteRendererFormula" ver="1"><property name="extension"><element classId="ExtensionReferenceElement" extensionId="twister.mandelbrot.palette.renderer.formula.lin" ver="1"/></property></element></property><property name="colors"><element classId="Color" ver="1"><property name="value"><value>ff440088</value></property></element><element classId="Color" ver="1"><property name="value"><value>ffffff00</value></property></element></property><property name="size"><element classId="Double" ver="1"><property name="value"><value>20.0</value></property></element></property></property><property name="paletteParam"><property name="formulas"><element classId="PaletteRendererFormula" ver="1"><property name="extension"><element classId="ExtensionReferenceElement" extensionId="twister.mandelbrot.palette.renderer.formula.lin" ver="1"/></property></element><element classId="PaletteRendererFormula" ver="1"><property name="extension"><element classId="ExtensionReferenceElement" extensionId="twister.mandelbrot.palette.renderer.formula.lin" ver="1"/></property></element><element classId="PaletteRendererFormula" ver="1"><property name="extension"><element classId="ExtensionReferenceElement" extensionId="twister.mandelbrot.palette.renderer.formula.lin" ver="1"/></property></element><element classId="PaletteRendererFormula" ver="1"><property name="extension"><element classId="ExtensionReferenceElement" extensionId="twister.mandelbrot.palette.renderer.formula.lin" ver="1"/></property></element></property><property name="colors"><element classId="Color" ver="1"><property name="value"><value>ffffff00</value></property></element><element classId="Color" ver="1"><property name="value"><value>ffffffff</value></property></element></property><property name="size"><element classId="Double" ver="1"><property name="value"><value>40.0</value></property></element></property></property><property name="paletteParam"><property name="formulas"><element classId="PaletteRendererFormula" ver="1"><property name="extension"><element classId="ExtensionReferenceElement" extensionId="twister.mandelbrot.palette.renderer.formula.lin" ver="1"/></property></element><element classId="PaletteRendererFormula" ver="1"><property name="extension"><element classId="ExtensionReferenceElement" extensionId="twister.mandelbrot.palette.renderer.formula.lin" ver="1"/></property></element><element classId="PaletteRendererFormula" ver="1"><property name="extension"><element classId="ExtensionReferenceElement" extensionId="twister.mandelbrot.palette.renderer.formula.lin" ver="1"/></property></element><element classId="PaletteRendererFormula" ver="1"><property name="extension"><element classId="ExtensionReferenceElement" extensionId="twister.mandelbrot.palette.renderer.formula.lin" ver="1"/></property></element></property><property name="colors"><element classId="Color" ver="1"><property name="value"><value>ffffffff</value></property></element><element classId="Color" ver="1"><property name="value"><value>ff000000</value></property></element></property><property name="size"><element classId="Double" ver="1"><property name="value"><value>40.0</value></property></element></property></property></property></element></property></element></property></element></property></element></property></element></property></element></property><property name="locked"><element classId="Boolean" ver="1"><property name="value"><value>false</value></property></element></property><property name="enabled"><element classId="Boolean" ver="1"><property name="value"><value>true</value></property></element></property><property name="opacity"><element classId="Percentage" ver="1"><property name="value"><value>100</value></property></element></property><property name="iterations"><element classId="Iterations" ver="1"><property name="value"><value>400</value></property></element></property><property name="autoIterations"><element classId="Boolean" ver="1"><property name="value"><value>false</value></property></element></property><property name="label"><element classId="Label" ver="1"><property name="value"><value>New Outcolouring Formula</value></property></element></property></element></property><property name="processingFormula"><element classId="ProcessingFormula" ver="1"><property name="extension"><element classId="ExtensionReferenceElement" ver="1"/></property></element></property><property name="orbitTrap"><element classId="OrbitTrap" ver="1"><property name="extension"><element classId="ConfigurableExtensionReferenceElement" ver="1"/></property><property name="center"><element classId="Complex" ver="1"><property name="value"><value>0.0, 0.0</value></property></element></property></element></property></element></property><property name="constant"><element classId="Complex" ver="1"><property name="value"><value>0.0, 0.0</value></property></element></property><property name="view"><element classId="View" ver="1"><property name="value"><value>0, 0, 1, 0; -0.48589341692789956, -0.007836990595611286, 1.0, 0.0; 0.0, 0.0, 0.0, 0.0</value></property></element></property><property name="mode"><element classId="Integer" ver="1"><property name="value"><value>0</value></property></element></property><property name="previewArea"><element classId="Rectangle" ver="1"><property name="value"><value>0.6255799373040752, 0.17336633663366338, 0.25, 0.25</value></property></element></property><property name="showPreview"><element classId="Boolean" ver="1"><property name="value"><value>false</value></property></element></property><property name="showOrbit"><element classId="Boolean" ver="1"><property name="value"><value>false</value></property></element></property><property name="showOrbitTrap"><element classId="Boolean" ver="1"><property name="value"><value>false</value></property></element></property><property name="speed"><element classId="Speed" ver="1"><property name="value"><value>0.0, 0.0, 50.0, 1.0; 0.0, 0.0, 50.0, 0.0</value></property></element></property></element></property></element></property></element></property></element></property><property name="label"><element classId="Label" ver="1"><property name="value"><value>New Layer</value></property></element></property></element><element classId="ImageLayer" ver="1"><property name="locked"><element classId="Boolean" ver="1"><property name="value"><value>true</value></property></element></property><property name="visible"><element classId="Boolean" ver="1"><property name="value"><value>true</value></property></element></property><property name="opacity"><element classId="Percentage" ver="1"><property name="value"><value>100</value></property></element></property><property name="filterList"/><property name="image"><element classId="Image" ver="1"><property name="extension"><element classId="ConfigurableExtensionReferenceElement" extensionId="twister.frame.layer.image.border" ver="1"><property name="extensionConfig"><element classId="BorderConfig" ver="1"><property name="color"><element classId="Color" ver="1"><property name="value"><value>ffffffff</value></property></element></property><property name="size"><element classId="Double" ver="1"><property name="value"><value>3.0</value></property></element></property></element></property></element></property></element></property><property name="label"><element classId="Label" ver="1"><property name="value"><value>New Layer</value></property></element></property></element><element classId="ImageLayer" ver="1"><property name="locked"><element classId="Boolean" ver="1"><property name="value"><value>true</value></property></element></property><property name="visible"><element classId="Boolean" ver="1"><property name="value"><value>true</value></property></element></property><property name="opacity"><element classId="Percentage" ver="1"><property name="value"><value>100</value></property></element></property><property name="filterList"/><property name="image"><element classId="Image" ver="1"><property name="extension"><element classId="ConfigurableExtensionReferenceElement" extensionId="twister.frame.layer.image.text" ver="1"><property name="extensionConfig"><element classId="TextConfig" ver="1"><property name="color"><element classId="Color" ver="1"><property name="value"><value>ff7d7d7d</value></property></element></property><property name="font"><element classId="Font" ver="1"><property name="value"><value>ArialMT</value></property></element></property><property name="size"><element classId="Double" ver="1"><property name="value"><value>2.0</value></property></element></property><property name="text"><element classId="Label" ver="1"><property name="value"><value>© 2008 Andrea Medeghini, http://jame.sourceforge.net</value></property></element></property><property name="left"><element classId="Double" ver="1"><property name="value"><value>3.0</value></property></element></property><property name="top"><element classId="Double" ver="1"><property name="value"><value>98.5</value></property></element></property><property name="rotation"><element classId="Double" ver="1"><property name="value"><value>0.0</value></property></element></property></element></property></element></property></element></property><property name="label"><element classId="Label" ver="1"><property name="value"><value>New Layer</value></property></element></property></element></property><property name="label"><element classId="Label" ver="1"><property name="value"><value>New Group</value></property></element></property></element></property></element></property><property name="effect"><element classId="Effect" ver="1"><property name="extension"><element classId="ConfigurableExtensionReferenceElement" ver="1"/></property><property name="enabled"><element classId="Boolean" ver="1"><property name="value"><value>true</value></property></element></property><property name="locked"><element classId="Boolean" ver="1"><property name="value"><value>false</value></property></element></property></element></property></element></property><property name="finalConfig"><element classId="TwisterConfig" ver="1"><property name="background"><element classId="Color" ver="1"><property name="value"><value>ff000000</value></property></element></property><property name="frame"><element classId="Frame" ver="1"><property name="filterList"/><property name="layerList"><element classId="GroupLayer" ver="1"><property name="locked"><element classId="Boolean" ver="1"><property name="value"><value>false</value></property></element></property><property name="visible"><element classId="Boolean" ver="1"><property name="value"><value>true</value></property></element></property><property name="opacity"><element classId="Percentage" ver="1"><property name="value"><value>100</value></property></element></property><property name="filterList"/><property name="layerList"><element classId="ImageLayer" ver="1"><property name="locked"><element classId="Boolean" ver="1"><property name="value"><value>false</value></property></element></property><property name="visible"><element classId="Boolean" ver="1"><property name="value"><value>true</value></property></element></property><property name="opacity"><element classId="Percentage" ver="1"><property name="value"><value>100</value></property></element></property><property name="filterList"/><property name="image"><element classId="Image" ver="1"><property name="extension"><element classId="ConfigurableExtensionReferenceElement" extensionId="twister.frame.layer.image.mandelbrot" ver="1"><property name="extensionConfig"><element classId="MandelbrotImageConfig" ver="1"><property name="mandelbrotConfig"><element classId="MandelbrotConfig" ver="3"><property name="mandelbrotFractal"><element classId="MandelbrotFractal" ver="2"><property name="renderingFormula"><element classId="RenderingFormula" ver="1"><property name="extension"><element classId="ConfigurableExtensionReferenceElement" extensionId="twister.mandelbrot.fractal.rendering.formula.z2" ver="1"><property name="extensionConfig"><element classId="Z2Config" ver="1"><property name="iterations"><element classId="Iterations" ver="1"><property name="value"><value>200</value></property></element></property><property name="threshold"><element classId="Threshold" ver="1"><property name="value"><value>40.0</value></property></element></property><property name="center"><element classId="Complex" ver="1"><property name="value"><value>0.0, 0.0</value></property></element></property><property name="scale"><element classId="Complex" ver="1"><property name="value"><value>5.0, 5.0</value></property></element></property></element></property></element></property></element></property><property name="transformingFormula"><element classId="TransformingFormula" ver="1"><property name="extension"><element classId="ConfigurableExtensionReferenceElement" extensionId="twister.mandelbrot.fractal.transforming.formula.z" ver="1"><property name="extensionConfig"><element classId="ZConfig" ver="1"/></property></element></property></element></property><property name="incolouringFormulaList"><element classId="IncolouringFormula" ver="1"><property name="extension"><element classId="ConfigurableExtensionReferenceElement" extensionId="twister.mandelbrot.fractal.incolouring.formula.color" ver="1"><property name="extensionConfig"><element classId="ColorConfig" ver="1"><property name="color"><element classId="Color" ver="1"><property name="value"><value>ff000000</value></property></element></property></element></property></element></property><property name="locked"><element classId="Boolean" ver="1"><property name="value"><value>false</value></property></element></property><property name="enabled"><element classId="Boolean" ver="1"><property name="value"><value>true</value></property></element></property><property name="opacity"><element classId="Percentage" ver="1"><property name="value"><value>100</value></property></element></property><property name="iterations"><element classId="Iterations" ver="1"><property name="value"><value>200</value></property></element></property><property name="autoIterations"><element classId="Boolean" ver="1"><property name="value"><value>true</value></property></element></property><property name="label"><element classId="Label" ver="1"><property name="value"><value>New Incolouring Formula</value></property></element></property></element></property><property name="outcolouringFormulaList"><element classId="OutcolouringFormula" ver="1"><property name="extension"><element classId="ConfigurableExtensionReferenceElement" extensionId="twister.mandelbrot.fractal.outcolouring.formula.continuousPotential" ver="1"><property name="extensionConfig"><element classId="ContinuousPotentialConfig" ver="1"><property name="paletteRenderer"><element classId="PaletteRenderer" ver="1"><property name="extension"><element classId="ConfigurableExtensionReferenceElement" extensionId="twister.mandelbrot.palette.renderer.default" ver="1"><property name="extensionConfig"><element classId="DefaultRendererConfig" ver="1"><property name="renderedPalette"><element classId="RenderedPalette" ver="1"><property name="palette"><property name="paletteParam"><property name="formulas"><element classId="PaletteRendererFormula" ver="1"><property name="extension"><element classId="ExtensionReferenceElement" extensionId="twister.mandelbrot.palette.renderer.formula.lin" ver="1"/></property></element><element classId="PaletteRendererFormula" ver="1"><property name="extension"><element classId="ExtensionReferenceElement" extensionId="twister.mandelbrot.palette.renderer.formula.lin" ver="1"/></property></element><element classId="PaletteRendererFormula" ver="1"><property name="extension"><element classId="ExtensionReferenceElement" extensionId="twister.mandelbrot.palette.renderer.formula.lin" ver="1"/></property></element><element classId="PaletteRendererFormula" ver="1"><property name="extension"><element classId="ExtensionReferenceElement" extensionId="twister.mandelbrot.palette.renderer.formula.lin" ver="1"/></property></element></property><property name="colors"><element classId="Color" ver="1"><property name="value"><value>ff440088</value></property></element><element classId="Color" ver="1"><property name="value"><value>ffffff00</value></property></element></property><property name="size"><element classId="Double" ver="1"><property name="value"><value>20.0</value></property></element></property></property><property name="paletteParam"><property name="formulas"><element classId="PaletteRendererFormula" ver="1"><property name="extension"><element classId="ExtensionReferenceElement" extensionId="twister.mandelbrot.palette.renderer.formula.lin" ver="1"/></property></element><element classId="PaletteRendererFormula" ver="1"><property name="extension"><element classId="ExtensionReferenceElement" extensionId="twister.mandelbrot.palette.renderer.formula.lin" ver="1"/></property></element><element classId="PaletteRendererFormula" ver="1"><property name="extension"><element classId="ExtensionReferenceElement" extensionId="twister.mandelbrot.palette.renderer.formula.lin" ver="1"/></property></element><element classId="PaletteRendererFormula" ver="1"><property name="extension"><element classId="ExtensionReferenceElement" extensionId="twister.mandelbrot.palette.renderer.formula.lin" ver="1"/></property></element></property><property name="colors"><element classId="Color" ver="1"><property name="value"><value>ffffff00</value></property></element><element classId="Color" ver="1"><property name="value"><value>ffffffff</value></property></element></property><property name="size"><element classId="Double" ver="1"><property name="value"><value>40.0</value></property></element></property></property><property name="paletteParam"><property name="formulas"><element classId="PaletteRendererFormula" ver="1"><property name="extension"><element classId="ExtensionReferenceElement" extensionId="twister.mandelbrot.palette.renderer.formula.lin" ver="1"/></property></element><element classId="PaletteRendererFormula" ver="1"><property name="extension"><element classId="ExtensionReferenceElement" extensionId="twister.mandelbrot.palette.renderer.formula.lin" ver="1"/></property></element><element classId="PaletteRendererFormula" ver="1"><property name="extension"><element classId="ExtensionReferenceElement" extensionId="twister.mandelbrot.palette.renderer.formula.lin" ver="1"/></property></element><element classId="PaletteRendererFormula" ver="1"><property name="extension"><element classId="ExtensionReferenceElement" extensionId="twister.mandelbrot.palette.renderer.formula.lin" ver="1"/></property></element></property><property name="colors"><element classId="Color" ver="1"><property name="value"><value>ffffffff</value></property></element><element classId="Color" ver="1"><property name="value"><value>ff000000</value></property></element></property><property name="size"><element classId="Double" ver="1"><property name="value"><value>40.0</value></property></element></property></property></property></element></property></element></property></element></property></element></property></element></property></element></property><property name="locked"><element classId="Boolean" ver="1"><property name="value"><value>false</value></property></element></property><property name="enabled"><element classId="Boolean" ver="1"><property name="value"><value>true</value></property></element></property><property name="opacity"><element classId="Percentage" ver="1"><property name="value"><value>100</value></property></element></property><property name="iterations"><element classId="Iterations" ver="1"><property name="value"><value>400</value></property></element></property><property name="autoIterations"><element classId="Boolean" ver="1"><property name="value"><value>false</value></property></element></property><property name="label"><element classId="Label" ver="1"><property name="value"><value>New Outcolouring Formula</value></property></element></property></element></property><property name="processingFormula"><element classId="ProcessingFormula" ver="1"><property name="extension"><element classId="ExtensionReferenceElement" ver="1"/></property></element></property><property name="orbitTrap"><element classId="OrbitTrap" ver="1"><property name="extension"><element classId="ConfigurableExtensionReferenceElement" ver="1"/></property><property name="center"><element classId="Complex" ver="1"><property name="value"><value>0.0, 0.0</value></property></element></property></element></property></element></property><property name="constant"><element classId="Complex" ver="1"><property name="value"><value>0.0, 0.0</value></property></element></property><property name="view"><element classId="View" ver="1"><property name="value"><value>0, 0, 1, 0; -0.48589341692789956, -0.007836990595611286, 1.0, 0.0; 0.0, 0.0, 0.0, 0.0</value></property></element></property><property name="mode"><element classId="Integer" ver="1"><property name="value"><value>0</value></property></element></property><property name="previewArea"><element classId="Rectangle" ver="1"><property name="value"><value>0.6255799373040752, 0.17336633663366338, 0.25, 0.25</value></property></element></property><property name="showPreview"><element classId="Boolean" ver="1"><property name="value"><value>false</value></property></element></property><property name="showOrbit"><element classId="Boolean" ver="1"><property name="value"><value>false</value></property></element></property><property name="showOrbitTrap"><element classId="Boolean" ver="1"><property name="value"><value>false</value></property></element></property><property name="speed"><element classId="Speed" ver="1"><property name="value"><value>0.0, 0.0, 50.0, 1.0; 0.0, 0.0, 50.0, 0.0</value></property></element></property></element></property></element></property></element></property></element></property><property name="label"><element classId="Label" ver="1"><property name="value"><value>New Layer</value></property></element></property></element><element classId="ImageLayer" ver="1"><property name="locked"><element classId="Boolean" ver="1"><property name="value"><value>true</value></property></element></property><property name="visible"><element classId="Boolean" ver="1"><property name="value"><value>true</value></property></element></property><property name="opacity"><element classId="Percentage" ver="1"><property name="value"><value>100</value></property></element></property><property name="filterList"/><property name="image"><element classId="Image" ver="1"><property name="extension"><element classId="ConfigurableExtensionReferenceElement" extensionId="twister.frame.layer.image.border" ver="1"><property name="extensionConfig"><element classId="BorderConfig" ver="1"><property name="color"><element classId="Color" ver="1"><property name="value"><value>ffffffff</value></property></element></property><property name="size"><element classId="Double" ver="1"><property name="value"><value>3.0</value></property></element></property></element></property></element></property></element></property><property name="label"><element classId="Label" ver="1"><property name="value"><value>New Layer</value></property></element></property></element><element classId="ImageLayer" ver="1"><property name="locked"><element classId="Boolean" ver="1"><property name="value"><value>true</value></property></element></property><property name="visible"><element classId="Boolean" ver="1"><property name="value"><value>true</value></property></element></property><property name="opacity"><element classId="Percentage" ver="1"><property name="value"><value>100</value></property></element></property><property name="filterList"/><property name="image"><element classId="Image" ver="1"><property name="extension"><element classId="ConfigurableExtensionReferenceElement" extensionId="twister.frame.layer.image.text" ver="1"><property name="extensionConfig"><element classId="TextConfig" ver="1"><property name="color"><element classId="Color" ver="1"><property name="value"><value>ff7d7d7d</value></property></element></property><property name="font"><element classId="Font" ver="1"><property name="value"><value>ArialMT</value></property></element></property><property name="size"><element classId="Double" ver="1"><property name="value"><value>2.0</value></property></element></property><property name="text"><element classId="Label" ver="1"><property name="value"><value>© 2008 Andrea Medeghini, http://jame.sourceforge.net</value></property></element></property><property name="left"><element classId="Double" ver="1"><property name="value"><value>3.0</value></property></element></property><property name="top"><element classId="Double" ver="1"><property name="value"><value>98.5</value></property></element></property><property name="rotation"><element classId="Double" ver="1"><property name="value"><value>0.0</value></property></element></property></element></property></element></property></element></property><property name="label"><element classId="Label" ver="1"><property name="value"><value>New Layer</value></property></element></property></element></property><property name="label"><element classId="Label" ver="1"><property name="value"><value>New Group</value></property></element></property></element></property></element></property><property name="effect"><element classId="Effect" ver="1"><property name="extension"><element classId="ConfigurableExtensionReferenceElement" ver="1"/></property><property name="enabled"><element classId="Boolean" ver="1"><property name="value"><value>true</value></property></element></property><property name="locked"><element classId="Boolean" ver="1"><property name="value"><value>false</value></property></element></property></element></property></element></property><property name="actionList"/></element></property></element>